provider_id,name,registration_number,qualification,specialization,hospital,address,phone,mobile,email,city,state,consultation_fee,timings,languages,expected_error_type
P001,Dr. A. Kalaiarasan,RMC/11223/2012,"MBBS, DLO",ENT Specialist,Royal Hospital,"Gandhi Nagar, Bikaner, Rajasthan - 334001",0151-2304455,+91-9876543210,info@royalhospital.net.in,Bikaner,Rajasthan,₹500-800,Mon-Sat: 10 AM - 6 PM,"English, Hindi, Rajasthani",OUTDATED_PHONE
P002,Dr. Sneha Joshi,MMC/34278/2013,"MBBS, MS (Orthopedics)",Orthopedic Surgeon,Suburban Clinic,"227, Andheri West, Mumbai, Maharashtra - 400117",022-87341168,+91-9769928467,dr.sneha.joshi@suburban.com,Mumbai,Maharashtra,₹800-1200,Mon-Sat: 9 AM - 5 PM,"English, Hindi, Marathi",CORRECT_DATA
P003,Dr. Pooja Gupta,RMC/99457/2021,"MBBS, MS (Orthopedics)",Orthopedic Surgeon,SMS Hospital,"737, C Scheme, Jaipur, Rajasthan - 302759",0141-75386966,+91-745676728,dr.pooja.gupta@sms.com,Jaipur,Rajasthan,₹800-1200,"Mon-Sat: 8 AM - 2 PM, 5 PM - 8 PM","English, Hindi, Hindi",CORRECT_DATA
P004,Dr. Ajay Kumar,TSMC/30323/2009,"MBBS, DLO",ENT Specialist,Metro Care,"163, Jubilee Hills, Hyderabad, Telangana - 500156",040-74623585,+91-9720506084,dr.ajay.kumar@metro.com,Hyderabad,Telangana,₹600-1000,Mon-Sat: 9 AM - 5 PM,"English, Hindi, Telugu",CORRECT_DATA
P005,Dr. Nisha Mehta,MMC/99735/2020,"MBBS, MD (Dermatology)",Dermatologist,Marine Drive Hospital,"855, Borivali, Mumbai, Maharashtra - 400997",022-99652661,+91-989076685,dr.nisha.mehta@marine.com,Mumbai,Maharashtra,₹600-1000,Mon-Fri: 10 AM - 6 PM,"English, Hindi, Marathi",MOVED_ADDRESS
P006,Dr. Deepak Kulkarni,TSMC/12669/2012,"MBBS, MD (Dermatology)",Dermatologist,KIMS Hospital Begumpet,"368, Jubilee Hills, Hyderabad, Telangana - 500107",040-72572626,+91-7958632198,dr.deepak.kulkarni@kims.com,Hyderabad,Telangana,₹500-800,"Mon-Fri: 9 AM - 1 PM, 4 PM - 8 PM","English, Hindi, Telugu",CORRECT_DATA
P007,Dr. Praveen Mehta,WBMC/20771/2019,"MBBS, MD, DM (Cardiology)",Cardiologist,Medica Superspecialty,"556, Ballygunge, Kolkata, West Bengal - 700406",033-66772438,+91-9104696753,dr.praveen.mehta@medica.com,Kolkata,West Bengal,₹1000-1500,Tue-Sun: 11 AM - 7 PM,"English, Hindi, Bengali",MOVED_ADDRESS
P008,Dr. Anand Reddy,UPMC/37815/2022,"MBBS, MD (Dermatology)",Dermatologist,Sahara Hospital,"251, Gomti Nagar, Lucknow, Uttar Pradesh - 226586",0522-40374913,+91-9168308098,dr.anand.reddy@sahara.com,Lucknow,Uttar Pradesh,₹600-1000,"Mon-Sat: 8 AM - 2 PM, 5 PM - 8 PM","English, Hindi, Hindi",CORRECT_DATA
P009,Dr. Sanjay Patel,KMC/13739/2009,"MBBS, DLO",ENT Specialist,City Care Clinic,"897, BTM Layout, Bangalore, Karnataka - 560479",080-94558037,+91-9660559631,dr.sanjay.patel@city.com,Bangalore,Karnataka,₹500-800,Mon-Fri: 10 AM - 6 PM,"English, Hindi, Kannada",CORRECT_DATA
P010,Dr. Kavita Verma,UPMC/94452/2014,"MBBS, MD (Medicine)",General Physician,Gomti Nagar Clinic,"526, Alambagh, Lucknow, Uttar Pradesh - 226620",0522-79578693,+91-8391074635,dr.kavita.verma@gomti.com,Lucknow,Uttar Pradesh,₹400-600,Tue-Sun: 11 AM - 7 PM,"English, Hindi, Hindi",MOVED_ADDRESS
P011,Dr. Nisha Singh,MMC/77493/2017,"MBBS, MS (Orthopedics)",Orthopedic Surgeon,Suburban Clinic,"148, Powai, Mumbai, Maharashtra - 400440",022-79026626,+91-9514079461,dr.nisha.singh@suburban.com,Mumbai,Maharashtra,₹1000-1500,"Mon-Sat: 8 AM - 2 PM, 5 PM - 8 PM","English, Hindi, Marathi",CORRECT_DATA
P012,Dr. Karthik Reddy,TSMC/72814/2009,"MBBS, MD (Medicine)",General Physician,Yashoda Hospital Secunderabad,"839, Gachibowli, Hyderabad, Telangana - 500704",040-27856699,+91-6710502732,dr.karthik.reddy@yashoda.com,Hyderabad,Telangana,₹400-600,Tue-Sun: 11 AM - 7 PM,"English, Hindi, Telugu",OUTDATED_PHONE
P013,Dr. Priya Iyer,RMC/95019/2010,"MBBS, MD (Dermatology)",Dermatologist,Royal Hospital,"930, Ganga Shahar, Bikaner, Rajasthan - 334142",0151-79568903,+91-9813946542,dr.priya.iyer@royal.com,Bikaner,Rajasthan,₹600-1000,Mon-Fri: 10 AM - 6 PM,"English, Hindi, Hindi",CORRECT_DATA
P014,Dr. Lakshmi Rao,TNMC/90963/2023,"MBBS, MD (Medicine)",General Physician,Beach Care Hospital,"573, T Nagar, Chennai, Tamil Nadu - 600732",044-24016199,+91-6834323659,dr.lakshmi.rao@beach.com,Chennai,Tamil Nadu,₹400-600,"Mon-Fri: 9 AM - 1 PM, 4 PM - 8 PM","English, Hindi, Tamil",OUTDATED_PHONE
P015,Dr. Ritu Reddy,MMC/43931/2010,"MBBS, MD (Medicine)",General Physician,Hinduja Hospital Khar,"658, Andheri West, Mumbai, Maharashtra - 400371",022-73727779,+91-8286753614,dr.ritu.reddy@hinduja.com,Mumbai,Maharashtra,₹300-500,Tue-Sun: 11 AM - 7 PM,"English, Hindi, Marathi",MOVED_ADDRESS
P016,Dr. Ashok Gupta,MMC/23635/2020,"MBBS, MD, DM (Neurology)",Neurologist,Marine Drive Hospital,"84, Andheri West, Mumbai, Maharashtra - 400423",022-86986454,+91-7498751605,dr.ashok.gupta@marine.com,Mumbai,Maharashtra,₹600-1000,Tue-Sun: 11 AM - 7 PM,"English, Hindi, Marathi",CORRECT_DATA
P017,Dr. Ritu Pillai,KMC/25325/2020,"MBBS, MD, DM (Cardiology)",Cardiologist,Apollo Hospital Bangalore,"636, Indiranagar, Bangalore, Karnataka - 560975",080-27631456,+91-6360809140,dr.ritu.pillai@apollo.com,Bangalore,Karnataka,₹1200-2000,Mon-Fri: 10 AM - 6 PM,"English, Hindi, Kannada",OUTDATED_PHONE
P018,Dr. Divya Verma,DMC/64570/2009,"MBBS, MD (Dermatology)",Dermatologist,Fortis Hospital Vasant Kunj,"363, Connaught Place, Delhi, Delhi - 110571",011-78230199,+91-8205419697,dr.divya.verma@fortis.com,Delhi,Delhi,₹600-1000,Tue-Sun: 11 AM - 7 PM,"English, Hindi",CORRECT_DATA
P019,Dr. Asha Patel,WBMC/51150/2011,"MBBS, MD (Medicine)",General Physician,Fortis Hospital Anandapur,"906, Salt Lake, Kolkata, West Bengal - 700851",033-51652923,+91-9786778550,dr.asha.patel@fortis.com,Kolkata,West Bengal,₹300-500,"Mon-Fri: 9 AM - 1 PM, 4 PM - 8 PM","English, Hindi, Bengali",CORRECT_DATA
P020,Dr. Ritu Menon,MMC/40928/2009,"MBBS, DLO",ENT Specialist,Sahyadri Hospital Deccan,"855, Aundh, Pune, Maharashtra - 411360",020-37216630,+91-6628117003,dr.ritu.menon@sahyadri.com,Pune,Maharashtra,₹500-800,Mon-Sat: 9 AM - 5 PM,"English, Hindi, Marathi",MULTIPLE_CONFLICTS
P021,Dr. Ramesh Verma,MMC/14256/2015,"MBBS, DLO",ENT Specialist,Sahyadri Hospital Deccan,"971, Viman Nagar, Pune, Maharashtra - 411122",020-35088296,+91-695692529,dr.ramesh.verma@sahyadri.com,Pune,Maharashtra,₹500-800,"Mon-Fri: 9 AM - 1 PM, 4 PM - 8 PM","English, Hindi, Marathi",OUTDATED_PHONE
P022,Dr. Divya Gupta,RMC/84804/2019,"MBBS, MS (Obstetrics & Gynaecology)",Gynecologist,Pink City Hospital,"571, C Scheme, Jaipur, Rajasthan - 302280",0141-90835995,+91-8278578097,dr.divya.gupta@pink.com,Jaipur,Rajasthan,₹500-800,"Mon-Fri: 9 AM - 1 PM, 4 PM - 8 PM","English, Hindi, Hindi",HOSPITAL_CHANGED
P023,Dr. Kavita Iyer,UPMC/15724/2023,"MBBS, MD (Medicine)",General Physician,Sahara Hospital,"140, Indira Nagar, Lucknow, Uttar Pradesh - 226842",0522-90958099,+91-7287025786,dr.kavita.iyer@sahara.com,Lucknow,Uttar Pradesh,₹300-500,Mon-Sat: 9 AM - 5 PM,"English, Hindi, Hindi",HOSPITAL_CHANGED
P024,Dr. Neha Kulkarni,GMC/83982/2013,"MBBS, MD, DM (Cardiology)",Cardiologist,Sterling Hospital Memnagar,"798, Bodakdev, Ahmedabad, Gujarat - 380645",079-24012958,+91-6663579928,dr.neha.kulkarni@sterling.com,Ahmedabad,Gujarat,₹1000-1500,Tue-Sun: 11 AM - 7 PM,"English, Hindi, Gujarati",OUTDATED_PHONE
P025,Dr. Ashok Agarwal,MMC/65147/2018,"MBBS, DLO",ENT Specialist,Sahyadri Hospital Deccan,"841, Koregaon Park, Pune, Maharashtra - 411809",020-94874455,+91-8977969319,dr.ashok.agarwal@sahyadri.com,Pune,Maharashtra,₹600-1000,"Mon-Sat: 8 AM - 2 PM, 5 PM - 8 PM","English, Hindi, Marathi",HOSPITAL_CHANGED
P026,Dr. Sneha Iyer,KMC/13192/2010,"MBBS, MD (Medicine)",General Physician,Manipal Hospital Whitefield,"647, Whitefield, Bangalore, Karnataka - 560510",080-32889593,+91-6492981202,dr.sneha.iyer@manipal.com,Bangalore,Karnataka,₹300-500,Mon-Sat: 9 AM - 5 PM,"English, Hindi, Kannada",OUTDATED_PHONE
P027,Dr. Manoj Agarwal,TNMC/20712/2017,"MBBS, MD, DM (Cardiology)",Cardiologist,MIOT International,"70, Anna Nagar, Chennai, Tamil Nadu - 600465",044-61228888,+91-753632053,dr.manoj.agarwal@miot.com,Chennai,Tamil Nadu,₹1200-2000,Mon-Fri: 10 AM - 6 PM,"English, Hindi, Tamil",CORRECT_DATA
P028,Dr. Sneha Rao,MMC/66095/2012,"MBBS, MD (Medicine)",General Physician,Kokilaben Dhirubhai Ambani,"807, Churchgate, Mumbai, Maharashtra - 400508",022-99045492,+91-9263929945,dr.sneha.rao@kokilaben.com,Mumbai,Maharashtra,₹400-600,Mon-Fri: 10 AM - 6 PM,"English, Hindi, Marathi",CORRECT_DATA
P029,Dr. Neha Joshi,KMC/47116/2016,"MBBS, MD (Medicine)",General Physician,City Care Clinic,"494, Indiranagar, Bangalore, Karnataka - 560644",080-55869240,+91-9778962313,dr.neha.joshi@city.com,Bangalore,Karnataka,₹400-600,"Mon-Sat: 8 AM - 2 PM, 5 PM - 8 PM","English, Hindi, Kannada",CORRECT_DATA
P030,Dr. Anand Reddy,RMC/73695/2016,"MBBS, MD (Medicine)",General Physician,Gandhi Nagar Clinic,"350, Sadul Ganj, Bikaner, Rajasthan - 334669",0151-60963260,+91-9548360241,dr.anand.reddy@gandhi.com,Bikaner,Rajasthan,₹300-500,Mon-Sat: 9 AM - 5 PM,"English, Hindi, Hindi",CORRECT_DATA
P031,Dr. Neha Desai,RMC/56823/2014,"MBBS, MD (Medicine)",General Physician,Narayana Multispeciality Hospital,"547, Vaishali Nagar, Jaipur, Rajasthan - 302926",0141-49702844,+91-947976747,dr.neha.desai@narayana.com,Jaipur,Rajasthan,₹400-600,Tue-Sun: 11 AM - 7 PM,"English, Hindi, Hindi",CORRECT_DATA
P032,Dr. Vikram Reddy,GMC/63409/2022,"MBBS, MS (Orthopedics)",Orthopedic Surgeon,Apollo Hospital Bhat,"372, Navrangpura, Ahmedabad, Gujarat - 380870",079-48377977,+91-9856054133,dr.vikram.reddy@apollo.com,Ahmedabad,Gujarat,₹800-1200,"Mon-Fri: 9 AM - 1 PM, 4 PM - 8 PM","English, Hindi, Gujarati",CORRECT_DATA
P033,Dr. Ravi Iyer,UPMC/62823/2018,"MBBS, MD (Pediatrics)",Pediatrician,Sahara Hospital,"412, Ashiyana, Lucknow, Uttar Pradesh - 226158",0522-27248354,+91-6263573328,dr.ravi.iyer@sahara.com,Lucknow,Uttar Pradesh,₹500-800,Tue-Sun: 11 AM - 7 PM,"English, Hindi, Hindi",MULTIPLE_CONFLICTS
P034,Dr. Sanjay Reddy,MMC/19280/2017,"MBBS, MD (Medicine)",General Physician,Ruby Hall Clinic,"552, Kothrud, Pune, Maharashtra - 411828",020-58613049,+91-8210579886,dr.sanjay.reddy@ruby.com,Pune,Maharashtra,₹400-600,Tue-Sun: 11 AM - 7 PM,"English, Hindi, Marathi",CORRECT_DATA
P035,Dr. Meera Mehta,MMC/64793/2022,"MBBS, MD (Medicine)",General Physician,Ruby Hall Clinic,"144, Aundh, Pune, Maharashtra - 411875",020-64063031,+91-8654431518,dr.meera.mehta@ruby.com,Pune,Maharashtra,₹300-500,Tue-Sun: 11 AM - 7 PM,"English, Hindi, Marathi",CORRECT_DATA
P036,Dr. Kavita Kulkarni,RMC/20709/2021,"MBBS, DLO",ENT Specialist,Royal Hospital,"697, Jail Road, Bikaner, Rajasthan - 334687",0151-44872504,+91-9668679459,dr.kavita.kulkarni@royal.com,Bikaner,Rajasthan,₹500-800,"Mon-Fri: 9 AM - 1 PM, 4 PM - 8 PM","English, Hindi, Hindi",CORRECT_DATA
P037,Dr. Suresh Iyer,UPMC/19428/2009,"MBBS, MS (Ophthalmology)",Ophthalmologist,Medanta Hospital Lucknow,"579, Alambagh, Lucknow, Uttar Pradesh - 226185",0522-40180668,+91-7558921979,dr.suresh.iyer@medanta.com,Lucknow,Uttar Pradesh,₹600-1000,"Mon-Fri: 9 AM - 1 PM, 4 PM - 8 PM","English, Hindi, Hindi",CORRECT_DATA
P038,Dr. Ajay Sharma,UPMC/91424/2019,"MBBS, MD (Dermatology)",Dermatologist,Medanta Hospital Lucknow,"228, Mahanagar, Lucknow, Uttar Pradesh - 226591",0522-67616505,+91-8943483056,dr.ajay.sharma@medanta.com,Lucknow,Uttar Pradesh,₹600-1000,"Mon-Fri: 9 AM - 1 PM, 4 PM - 8 PM","English, Hindi, Hindi",MOVED_ADDRESS
P039,Dr. Preeti Joshi,GMC/64441/2016,"MBBS, MD (Medicine)",General Physician,Satellite Clinic,"523, SG Highway, Ahmedabad, Gujarat - 380283",079-99341257,+91-7163674729,dr.preeti.joshi@satellite.com,Ahmedabad,Gujarat,₹400-600,"Mon-Fri: 9 AM - 1 PM, 4 PM - 8 PM","English, Hindi, Gujarati",CORRECT_DATA
P040,Dr. Meera Pillai,RMC/85173/2019,"MBBS, MD (Medicine)",General Physician,Narayana Multispeciality Hospital,"420, Raja Park, Jaipur, Rajasthan - 302768",0141-72246961,+91-8244412751,dr.meera.pillai@narayana.com,Jaipur,Rajasthan,₹400-600,Mon-Fri: 10 AM - 6 PM,"English, Hindi, Hindi",MOVED_ADDRESS
P041,Dr. Rahul Agarwal,DMC/21585/2020,"MBBS, MD (Pediatrics)",Pediatrician,BLK Hospital,"870, Rohini, Delhi, Delhi - 110835",011-37769461,+91-6482278644,dr.rahul.agarwal@blk.com,Delhi,Delhi,₹600-1000,Mon-Sat: 9 AM - 5 PM,"English, Hindi",OUTDATED_PHONE
P042,Dr. Asha Kumar,RMC/65693/2016,"BDS, MDS",Dentist,Eternal Heart Care,"937, Tonk Road, Jaipur, Rajasthan - 302893",0141-83095662,+91-9240177232,dr.asha.kumar@eternal.com,Jaipur,Rajasthan,₹600-1000,Tue-Sun: 11 AM - 7 PM,"English, Hindi, Hindi",MOVED_ADDRESS
P043,Dr. Preeti Reddy,WBMC/62784/2020,"MBBS, MD (Medicine)",General Physician,Alipore Medical Center,"936, Salt Lake, Kolkata, West Bengal - 700360",033-42167049,+91-8987111051,dr.preeti.reddy@alipore.com,Kolkata,West Bengal,₹300-500,Mon-Fri: 10 AM - 6 PM,"English, Hindi, Bengali",MOVED_ADDRESS
P044,Dr. Ajay Nair,TSMC/98052/2011,"MBBS, MS (Obstetrics & Gynaecology)",Gynecologist,Metro Care,"600, Kukatpally, Hyderabad, Telangana - 500503",040-57621424,+91-9460844843,dr.ajay.nair@metro.com,Hyderabad,Telangana,₹500-800,"Mon-Fri: 9 AM - 1 PM, 4 PM - 8 PM","English, Hindi, Telugu",CORRECT_DATA
P045,Dr. Nisha Mehta,RMC/82753/2019,"MBBS, MS (Orthopedics)",Orthopedic Surgeon,Pink City Hospital,"288, Raja Park, Jaipur, Rajasthan - 302771",0141-92755250,+91-7568704650,dr.nisha.mehta@pink.com,Jaipur,Rajasthan,₹1000-1500,"Mon-Fri: 9 AM - 1 PM, 4 PM - 8 PM","English, Hindi, Hindi",CORRECT_DATA
P046,Dr. Vikram Iyer,RMC/18320/2010,"MBBS, DLO",ENT Specialist,Narayana Multispeciality Hospital,"981, Malviya Nagar, Jaipur, Rajasthan - 302456",0141-39221665,+91-6631918046,dr.vikram.iyer@narayana.com,Jaipur,Rajasthan,₹600-1000,Mon-Sat: 9 AM - 5 PM,"English, Hindi, Hindi",OUTDATED_PHONE
P047,Dr. Vikram Kumar,DMC/37058/2011,"MBBS, DLO",ENT Specialist,AIIMS Delhi,"790, Saket, Delhi, Delhi - 110594",011-27525887,+91-6833065805,dr.vikram.kumar@aiims.com,Delhi,Delhi,₹500-800,Mon-Sat: 9 AM - 5 PM,"English, Hindi",MULTIPLE_CONFLICTS
P048,Dr. Meera Rao,TSMC/10855/2017,"MBBS, MD, DM (Cardiology)",Cardiologist,Metro Care,"361, Jubilee Hills, Hyderabad, Telangana - 500351",040-32487921,+91-6801081531,dr.meera.rao@metro.com,Hyderabad,Telangana,₹1000-1500,Mon-Fri: 10 AM - 6 PM,"English, Hindi, Telugu",OUTDATED_PHONE
P049,Dr. Anand Menon,KMC/56978/2012,"MBBS, MS (Obstetrics & Gynaecology)",Gynecologist,Columbia Asia Hebbal,"576, MG Road, Bangalore, Karnataka - 560250",080-97108035,+91-822798120,dr.anand.menon@columbia.com,Bangalore,Karnataka,₹500-800,Mon-Sat: 9 AM - 5 PM,"English, Hindi, Kannada",CORRECT_DATA
P050,Dr. Ravi Verma,UPMC/69959/2017,"MBBS, MS (Obstetrics & Gynaecology)",Gynecologist,Apollo Medics Hospital,"406, Mahanagar, Lucknow, Uttar Pradesh - 226219",0522-58590845,+91-7619418775,dr.ravi.verma@apollo.com,Lucknow,Uttar Pradesh,₹500-800,Tue-Sun: 11 AM - 7 PM,"English, Hindi, Hindi",CORRECT_DATA
P051,Dr. Suresh Reddy,TNMC/80936/2023,"MBBS, DLO",ENT Specialist,SIMS Hospital Vadapalani,"468, Velachery, Chennai, Tamil Nadu - 600512",044-80394261,+91-9689849099,dr.suresh.reddy@sims.com,Chennai,Tamil Nadu,₹600-1000,Tue-Sun: 11 AM - 7 PM,"English, Hindi, Tamil",CORRECT_DATA
P052,Dr. Vikram Pillai,MMC/12691/2022,"MBBS, MD (Pediatrics)",Pediatrician,Aditya Birla Hospital,"502, Aundh, Pune, Maharashtra - 411437",020-37758263,+91-6475375115,dr.vikram.pillai@aditya.com,Pune,Maharashtra,₹500-800,Tue-Sun: 11 AM - 7 PM,"English, Hindi, Marathi",OUTDATED_PHONE
P053,Dr. Asha Agarwal,RMC/45337/2014,"MBBS, MS (Orthopedics)",Orthopedic Surgeon,Fortis Escorts Hospital,"170, Mansarovar, Jaipur, Rajasthan - 302684",0141-70504657,+91-8624011994,dr.asha.agarwal@fortis.com,Jaipur,Rajasthan,₹800-1200,Mon-Fri: 10 AM - 6 PM,"English, Hindi, Hindi",CORRECT_DATA
P054,Dr. Sneha Joshi,KMC/59707/2022,"MBBS, MD (Medicine)",General Physician,Apollo Hospital Bangalore,"615, Indiranagar, Bangalore, Karnataka - 560178",080-61701317,+91-7396921670,dr.sneha.joshi@apollo.com,Bangalore,Karnataka,₹300-500,Mon-Fri: 10 AM - 6 PM,"English, Hindi, Kannada",CORRECT_DATA
P055,Dr. Praveen Joshi,TNMC/49795/2018,"MBBS, DLO",ENT Specialist,City Medical Center,"372, Adyar, Chennai, Tamil Nadu - 600747",044-48995956,+91-8114426827,dr.praveen.joshi@city.com,Chennai,Tamil Nadu,₹500-800,"Mon-Sat: 8 AM - 2 PM, 5 PM - 8 PM","English, Hindi, Tamil",CORRECT_DATA
P056,Dr. Lakshmi Rao,RMC/44387/2020,"MBBS, MD (Dermatology)",Dermatologist,Royal Hospital,"710, Gandhi Nagar, Bikaner, Rajasthan - 334261",0151-88192589,+91-9911072004,dr.lakshmi.rao@royal.com,Bikaner,Rajasthan,₹600-1000,"Mon-Fri: 9 AM - 1 PM, 4 PM - 8 PM","English, Hindi, Hindi",HOSPITAL_CHANGED
P057,Dr. Nisha Mehta,RMC/90618/2015,"BDS, MDS",Dentist,CK Birla Hospital RBH,"805, C Scheme, Jaipur, Rajasthan - 302871",0141-70659444,+91-9654155907,dr.nisha.mehta@ck.com,Jaipur,Rajasthan,₹600-1000,"Mon-Fri: 9 AM - 1 PM, 4 PM - 8 PM","English, Hindi, Hindi",CORRECT_DATA
P058,Dr. Lakshmi Kumar,GMC/27851/2013,"MBBS, MS (Obstetrics & Gynaecology)",Gynecologist,SAL Hospital Drive In,"781, Bodakdev, Ahmedabad, Gujarat - 380920",079-92048096,+91-7890173052,dr.lakshmi.kumar@sal.com,Ahmedabad,Gujarat,₹500-800,"Mon-Fri: 9 AM - 1 PM, 4 PM - 8 PM","English, Hindi, Gujarati",CORRECT_DATA
P059,Dr. Sunita Rao,UPMC/91461/2022,"MBBS, MD (Pediatrics)",Pediatrician,Medanta Hospital Lucknow,"785, Aliganj, Lucknow, Uttar Pradesh - 226615",0522-21069663,+91-6660781509,dr.sunita.rao@medanta.com,Lucknow,Uttar Pradesh,₹600-1000,Tue-Sun: 11 AM - 7 PM,"English, Hindi, Hindi",OUTDATED_PHONE
P060,Dr. Ravi Kumar,GMC/77146/2011,"MBBS, MS (Ophthalmology)",Ophthalmologist,Satellite Clinic,"66, Satellite, Ahmedabad, Gujarat - 380275",079-44708441,+91-7760091941,dr.ravi.kumar@satellite.com,Ahmedabad,Gujarat,₹600-1000,"Mon-Sat: 8 AM - 2 PM, 5 PM - 8 PM","English, Hindi, Gujarati",CORRECT_DATA
P061,Dr. Swati Iyer,WBMC/55800/2010,"MBBS, MD (Medicine)",General Physician,Alipore Medical Center,"567, Ballygunge, Kolkata, West Bengal - 700494",033-88959179,+91-9862900633,dr.swati.iyer@alipore.com,Kolkata,West Bengal,₹400-600,Mon-Sat: 9 AM - 5 PM,"English, Hindi, Bengali",CORRECT_DATA
P062,Dr. Anjali Gupta,RMC/49608/2019,"MBBS, MD (Medicine)",General Physician,Narayana Multispeciality Hospital,"120, Tonk Road, Jaipur, Rajasthan - 302657",0141-84655237,+91-8847712041,dr.anjali.gupta@narayana.com,Jaipur,Rajasthan,₹300-500,Tue-Sun: 11 AM - 7 PM,"English, Hindi, Hindi",HOSPITAL_CHANGED
P063,Dr. Sneha Verma,RMC/27221/2010,"MBBS, MD (Pediatrics)",Pediatrician,CK Birla Hospital RBH,"357, Jagatpura, Jaipur, Rajasthan - 302324",0141-40682393,+91-7140698334,dr.sneha.verma@ck.com,Jaipur,Rajasthan,₹500-800,Tue-Sun: 11 AM - 7 PM,"English, Hindi, Hindi",MOVED_ADDRESS
P064,Dr. Arun Patel,MMC/99033/2008,"MBBS, MS (Orthopedics)",Orthopedic Surgeon,Fortis Hospital Mulund,"728, Bandra, Mumbai, Maharashtra - 400683",022-86018576,+91-8820729092,dr.arun.patel@fortis.com,Mumbai,Maharashtra,₹1000-1500,Tue-Sun: 11 AM - 7 PM,"English, Hindi, Marathi",CORRECT_DATA
P065,Dr. Rahul Reddy,MMC/48043/2021,"MBBS, MD (Medicine)",General Physician,Columbia Asia Kharadi,"69, Hinjewadi, Pune, Maharashtra - 411456",020-63160521,+91-7749467223,dr.rahul.reddy@columbia.com,Pune,Maharashtra,₹400-600,"Mon-Sat: 8 AM - 2 PM, 5 PM - 8 PM","English, Hindi, Marathi",CORRECT_DATA
P066,Dr. Rajesh Joshi,RMC/27643/2012,"MBBS, MD, DM (Cardiology)",Cardiologist,City Care Bikaner,"994, Sadul Ganj, Bikaner, Rajasthan - 334121",0151-41890728,+91-7455525683,dr.rajesh.joshi@city.com,Bikaner,Rajasthan,₹1200-2000,Tue-Sun: 11 AM - 7 PM,"English, Hindi, Hindi",CORRECT_DATA
P067,Dr. Ritu Reddy,TNMC/26009/2020,"MBBS, MD (Dermatology)",Dermatologist,Fortis Malar Hospital,"817, OMR, Chennai, Tamil Nadu - 600812",044-38967038,+91-64241291,dr.ritu.reddy@fortis.com,Chennai,Tamil Nadu,₹600-1000,Mon-Fri: 10 AM - 6 PM,"English, Hindi, Tamil",OUTDATED_PHONE
P068,Dr. Rahul Singh,MMC/68205/2008,"MBBS, MD (Dermatology)",Dermatologist,Marine Drive Hospital,"691, Thane, Mumbai, Maharashtra - 400430",022-80505059,+91-988902525,dr.rahul.singh@marine.com,Mumbai,Maharashtra,₹500-800,Tue-Sun: 11 AM - 7 PM,"English, Hindi, Marathi",CORRECT_DATA
P069,Dr. Ravi Menon,KMC/89138/2010,"MBBS, DLO",ENT Specialist,Wellness Hospital,"866, MG Road, Bangalore, Karnataka - 560422",080-71516728,+91-7960818580,dr.ravi.menon@wellness.com,Bangalore,Karnataka,₹600-1000,"Mon-Sat: 8 AM - 2 PM, 5 PM - 8 PM","English, Hindi, Kannada",CORRECT_DATA
P070,Dr. Manoj Singh,TSMC/55540/2022,"MBBS, DLO",ENT Specialist,Yashoda Hospital Secunderabad,"800, Banjara Hills, Hyderabad, Telangana - 500213",040-50399593,+91-7377716499,dr.manoj.singh@yashoda.com,Hyderabad,Telangana,₹600-1000,Mon-Sat: 9 AM - 5 PM,"English, Hindi, Telugu",CORRECT_DATA
P071,Dr. Suresh Gupta,TNMC/85029/2013,"MBBS, MD (Dermatology)",Dermatologist,MIOT International,"892, Anna Nagar, Chennai, Tamil Nadu - 600217",044-94363607,+91-7645008096,dr.suresh.gupta@miot.com,Chennai,Tamil Nadu,₹600-1000,Tue-Sun: 11 AM - 7 PM,"English, Hindi, Tamil",CORRECT_DATA
P072,Dr. Neha Menon,KMC/51763/2018,"MBBS, MS (Orthopedics)",Orthopedic Surgeon,Columbia Asia Hebbal,"137, HSR Layout, Bangalore, Karnataka - 560341",080-27888419,+91-6502128865,dr.neha.menon@columbia.com,Bangalore,Karnataka,₹1000-1500,"Mon-Fri: 9 AM - 1 PM, 4 PM - 8 PM","English, Hindi, Kannada",OUTDATED_PHONE
P073,Dr. Ramesh Menon,DMC/44769/2023,"MBBS, DLO",ENT Specialist,Max Super Speciality Saket,"990, Connaught Place, Delhi, Delhi - 110676",011-76879974,+91-9457292788,dr.ramesh.menon@max.com,Delhi,Delhi,₹500-800,Mon-Fri: 10 AM - 6 PM,"English, Hindi",HOSPITAL_CHANGED
P074,Dr. Swati Verma,TNMC/28839/2023,"MBBS, MD (Dermatology)",Dermatologist,Kauvery Hospital Alwarpet,"525, Nungambakkam, Chennai, Tamil Nadu - 600136",044-71755492,+91-8371921120,dr.swati.verma@kauvery.com,Chennai,Tamil Nadu,₹500-800,Tue-Sun: 11 AM - 7 PM,"English, Hindi, Tamil",CORRECT_DATA
P075,Dr. Neha Kulkarni,UPMC/10747/2023,"MBBS, MD (Dermatology)",Dermatologist,SGPGIMS,"430, Gomti Nagar, Lucknow, Uttar Pradesh - 226197",0522-82108521,+91-7222741367,dr.neha.kulkarni@sgpgims.com,Lucknow,Uttar Pradesh,₹500-800,"Mon-Fri: 9 AM - 1 PM, 4 PM - 8 PM","English, Hindi, Hindi",CORRECT_DATA
P076,Dr. Ritu Singh,MMC/15968/2023,"MBBS, MS (Obstetrics & Gynaecology)",Gynecologist,Aditya Birla Hospital,"635, Kothrud, Pune, Maharashtra - 411535",020-56709717,+91-8629904415,dr.ritu.singh@aditya.com,Pune,Maharashtra,₹600-1000,"Mon-Fri: 9 AM - 1 PM, 4 PM - 8 PM","English, Hindi, Marathi",MOVED_ADDRESS
P077,Dr. Ravi Gupta,TSMC/64832/2014,"MBBS, MD (Medicine)",General Physician,Sunrise Clinic,"576, Kukatpally, Hyderabad, Telangana - 500581",040-25943487,+91-6227299336,dr.ravi.gupta@sunrise.com,Hyderabad,Telangana,₹300-500,Mon-Sat: 9 AM - 5 PM,"English, Hindi, Telugu",MULTIPLE_CONFLICTS
P078,Dr. Sunita Kumar,RMC/17575/2019,"BDS, MDS",Dentist,Fortis Escorts Hospital,"855, Tonk Road, Jaipur, Rajasthan - 302703",0141-71408461,+91-7148112695,dr.sunita.kumar@fortis.com,Jaipur,Rajasthan,₹500-800,Tue-Sun: 11 AM - 7 PM,"English, Hindi, Hindi",CORRECT_DATA
P079,Dr. Lakshmi Rao,UPMC/81806/2016,"MBBS, MD (Medicine)",General Physician,Sahara Hospital,"141, Aliganj, Lucknow, Uttar Pradesh - 226651",0522-92151201,+91-9736468138,dr.lakshmi.rao@sahara.com,Lucknow,Uttar Pradesh,₹300-500,Mon-Sat: 9 AM - 5 PM,"English, Hindi, Hindi",CORRECT_DATA
P080,Dr. Ramesh Reddy,RMC/85374/2018,"MBBS, MD (Medicine)",General Physician,Gandhi Nagar Clinic,"767, Ganga Shahar, Bikaner, Rajasthan - 334845",0151-75700937,+91-7130775649,dr.ramesh.reddy@gandhi.com,Bikaner,Rajasthan,₹400-600,Tue-Sun: 11 AM - 7 PM,"English, Hindi, Hindi",MOVED_ADDRESS
P081,Dr. Rajesh Kulkarni,UPMC/15514/2009,"MBBS, MD, DM (Cardiology)",Cardiologist,Hazratganj Medical,"408, Aliganj, Lucknow, Uttar Pradesh - 226877",0522-72221262,+91-8452394119,dr.rajesh.kulkarni@hazratganj.com,Lucknow,Uttar Pradesh,₹1000-1500,Mon-Fri: 10 AM - 6 PM,"English, Hindi, Hindi",CORRECT_DATA
P082,Dr. Swati Agarwal,UPMC/41764/2014,"MBBS, MS (Obstetrics & Gynaecology)",Gynecologist,Gomti Nagar Clinic,"913, Aliganj, Lucknow, Uttar Pradesh - 226980",0522-64147465,+91-8787415286,dr.swati.agarwal@gomti.com,Lucknow,Uttar Pradesh,₹500-800,Mon-Sat: 9 AM - 5 PM,"English, Hindi, Hindi",CORRECT_DATA
P083,Dr. Pooja Pillai,UPMC/20047/2014,"MBBS, MD (Medicine)",General Physician,Apollo Medics Hospital,"263, Hazratganj, Lucknow, Uttar Pradesh - 226244",0522-55152458,+91-8849283003,dr.pooja.pillai@apollo.com,Lucknow,Uttar Pradesh,₹400-600,Mon-Sat: 9 AM - 5 PM,"English, Hindi, Hindi",CORRECT_DATA
P084,Dr. Ramesh Desai,MMC/42137/2015,"MBBS, MS (Orthopedics)",Orthopedic Surgeon,Hinduja Hospital Khar,"106, Andheri West, Mumbai, Maharashtra - 400109",022-66136922,+91-9521371609,dr.ramesh.desai@hinduja.com,Mumbai,Maharashtra,₹800-1200,Tue-Sun: 11 AM - 7 PM,"English, Hindi, Marathi",CORRECT_DATA
P085,Dr. Ajay Iyer,WBMC/37628/2015,"MBBS, MD (Medicine)",General Physician,Apollo Gleneagles,"291, New Town, Kolkata, West Bengal - 700238",033-45287573,+91-9656506659,dr.ajay.iyer@apollo.com,Kolkata,West Bengal,₹300-500,"Mon-Sat: 8 AM - 2 PM, 5 PM - 8 PM","English, Hindi, Bengali",CORRECT_DATA
P086,Dr. Nitin Reddy,TSMC/55624/2015,"MBBS, MD (Medicine)",General Physician,Sunrise Clinic,"628, Madhapur, Hyderabad, Telangana - 500638",040-22800612,+91-6714784985,dr.nitin.reddy@sunrise.com,Hyderabad,Telangana,₹300-500,Mon-Sat: 9 AM - 5 PM,"English, Hindi, Telugu",OUTDATED_PHONE
P087,Dr. Nitin Mehta,MMC/53120/2020,"MBBS, MD, DM (Cardiology)",Cardiologist,Ruby Hall Clinic,"621, Aundh, Pune, Maharashtra - 411581",020-87137982,+91-7492487787,dr.nitin.mehta@ruby.com,Pune,Maharashtra,₹1200-2000,"Mon-Sat: 8 AM - 2 PM, 5 PM - 8 PM","English, Hindi, Marathi",CORRECT_DATA
P088,Dr. Ajay Patel,MMC/20607/2019,"MBBS, MS (Orthopedics)",Orthopedic Surgeon,Columbia Asia Kharadi,"98, Pimpri, Pune, Maharashtra - 411682",020-57418441,+91-7134761746,dr.ajay.patel@columbia.com,Pune,Maharashtra,₹800-1200,Mon-Sat: 9 AM - 5 PM,"English, Hindi, Marathi",MOVED_ADDRESS
P089,Dr. Kavita Sharma,MMC/25853/2012,"MBBS, MD (Pediatrics)",Pediatrician,Sahyadri Hospital Deccan,"756, Hinjewadi, Pune, Maharashtra - 411403",020-21239414,+91-666778511,dr.kavita.sharma@sahyadri.com,Pune,Maharashtra,₹600-1000,"Mon-Fri: 9 AM - 1 PM, 4 PM - 8 PM","English, Hindi, Marathi",OUTDATED_PHONE
P090,Dr. Neha Reddy,RMC/89820/2016,"MBBS, MD (Pediatrics)",Pediatrician,Malviya Nagar Clinic,"259, Mansarovar, Jaipur, Rajasthan - 302342",0141-78628339,+91-8901066732,dr.neha.reddy@malviya.com,Jaipur,Rajasthan,₹500-800,Mon-Fri: 10 AM - 6 PM,"English, Hindi, Hindi",HOSPITAL_CHANGED
P091,Dr. Ravi Menon,TNMC/87394/2015,"MBBS, MD, DM (Cardiology)",Cardiologist,City Medical Center,"916, Nungambakkam, Chennai, Tamil Nadu - 600992",044-23009653,+91-6546701727,dr.ravi.menon@city.com,Chennai,Tamil Nadu,₹1000-1500,Mon-Fri: 10 AM - 6 PM,"English, Hindi, Tamil",OUTDATED_PHONE
P092,Dr. Priya Kulkarni,RMC/70668/2019,"MBBS, MD (Medicine)",General Physician,Malviya Nagar Clinic,"347, Mansarovar, Jaipur, Rajasthan - 302858",0141-53538029,+91-7872333272,dr.priya.kulkarni@malviya.com,Jaipur,Rajasthan,₹400-600,Mon-Sat: 9 AM - 5 PM,"English, Hindi, Hindi",CORRECT_DATA
P093,Dr. Sanjay Iyer,RMC/71881/2009,"MBBS, MD (Pediatrics)",Pediatrician,CK Birla Hospital RBH,"270, Vaishali Nagar, Jaipur, Rajasthan - 302906",0141-63988326,+91-9300665216,dr.sanjay.iyer@ck.com,Jaipur,Rajasthan,₹600-1000,Tue-Sun: 11 AM - 7 PM,"English, Hindi, Hindi",MOVED_ADDRESS
P094,Dr. Karthik Rao,GMC/EXPIRED/2003,"MBBS, MD (Medicine)",General Physician,Sterling Hospital Memnagar,"938, Maninagar, Ahmedabad, Gujarat - 380363",079-81890193,+91-9969932710,dr.karthik.rao@sterling.com,Ahmedabad,Gujarat,₹400-600,Mon-Sat: 9 AM - 5 PM,"English, Hindi, Gujarati",REGISTRATION_ISSUE
P095,Dr. Ajay Mehta,DMC/39774/2016,"MBBS, MD, DM (Neurology)",Neurologist,Fortis Hospital Vasant Kunj,"383, Rohini, Delhi, Delhi - 110748",011-48515378,+91-9427013878,dr.ajay.mehta@fortis.com,Delhi,Delhi,₹600-1000,"Mon-Fri: 9 AM - 1 PM, 4 PM - 8 PM","English, Hindi",CORRECT_DATA
P096,Dr. Sunita Kumar,RMC/79043/2023,"MBBS, MD (Medicine)",General Physician,Sadul Hospital,"739, Sadul Ganj, Bikaner, Rajasthan - 334492",0151-50438950,+91-7967994702,dr.sunita.kumar@sadul.com,Bikaner,Rajasthan,₹400-600,Mon-Sat: 9 AM - 5 PM,"English, Hindi, Hindi",CORRECT_DATA
P097,Dr. Nisha Verma,UPMC/43467/2020,"MBBS, MD (Medicine)",General Physician,Sahara Hospital,"615, Gomti Nagar, Lucknow, Uttar Pradesh - 226929",0522-44135298,+91-9966930318,dr.nisha.verma@sahara.com,Lucknow,Uttar Pradesh,₹400-600,"Mon-Fri: 9 AM - 1 PM, 4 PM - 8 PM","English, Hindi, Hindi",HOSPITAL_CHANGED
P098,Dr. Kavita Pillai,DMC/68513/2020,"MBBS, MS (Orthopedics)",Orthopedic Surgeon,Metro Hospital,"734, Vasant Kunj, Delhi, Delhi - 110849",011-83983259,+91-8382910382,dr.kavita.pillai@metro.com,Delhi,Delhi,₹800-1200,Mon-Sat: 9 AM - 5 PM,"English, Hindi",CORRECT_DATA
P099,Dr. Rajesh Singh,MMC/EXPIRED/2001,"MBBS, MS (Ophthalmology)",Ophthalmologist,Kokilaben Dhirubhai Ambani,"349, Bandra, Mumbai, Maharashtra - 400950",022-62603330,+91-8862736553,dr.rajesh.singh@kokilaben.com,Mumbai,Maharashtra,₹600-1000,Mon-Sat: 9 AM - 5 PM,"English, Hindi, Marathi",REGISTRATION_ISSUE
P100,Dr. Arun Pillai,TSMC/13042/2021,"MBBS, MD (Pediatrics)",Pediatrician,Continental Hospital Gachibowli,"855, Jubilee Hills, Hyderabad, Telangana - 500773",040-94776400,+91-9400748422,dr.arun.pillai@continental.com,Hyderabad,Telangana,₹600-1000,Tue-Sun: 11 AM - 7 PM,"English, Hindi, Telugu",MOVED_ADDRESS
P101,Dr. Asha Kumar,GMC/75210/2015,"MBBS, MD (Pediatrics)",Pediatrician,SAL Hospital Drive In,"594, SG Highway, Ahmedabad, Gujarat - 380491",079-22008379,+91-6269626192,dr.asha.kumar@sal.com,Ahmedabad,Gujarat,₹500-800,Tue-Sun: 11 AM - 7 PM,"English, Hindi, Gujarati",OUTDATED_PHONE
P102,Dr. Ashok Joshi,GMC/45957/2013,"MBBS, MD (Medicine)",General Physician,HCG Cancer Centre,"540, Navrangpura, Ahmedabad, Gujarat - 380505",079-75448891,+91-7938641588,dr.ashok.joshi@hcg.com,Ahmedabad,Gujarat,₹300-500,"Mon-Sat: 8 AM - 2 PM, 5 PM - 8 PM","English, Hindi, Gujarati",CORRECT_DATA
P103,Dr. Amit Nair,UPMC/16152/2008,"MBBS, MD (Pediatrics)",Pediatrician,Gomti Nagar Clinic,"254, Ashiyana, Lucknow, Uttar Pradesh - 226252",0522-79660074,+91-9376210391,dr.amit.nair@gomti.com,Lucknow,Uttar Pradesh,₹600-1000,"Mon-Fri: 9 AM - 1 PM, 4 PM - 8 PM","English, Hindi, Hindi",CORRECT_DATA
P104,Dr. Kavita Desai,RMC/64736/2019,"MBBS, MS (Obstetrics & Gynaecology)",Gynecologist,Sadul Hospital,"554, Station Road, Bikaner, Rajasthan - 334662",0151-65090812,+91-839688656,dr.kavita.desai@sadul.com,Bikaner,Rajasthan,₹600-1000,Tue-Sun: 11 AM - 7 PM,"English, Hindi, Hindi",MOVED_ADDRESS
P105,Dr. Anand Sharma,RMC/28081/2015,"MBBS, MD (Medicine)",General Physician,PBM Hospital,"49, Jail Road, Bikaner, Rajasthan - 334430",0151-35689137,+91-6529273505,dr.anand.sharma@pbm.com,Bikaner,Rajasthan,₹400-600,Mon-Sat: 9 AM - 5 PM,"English, Hindi, Hindi",MULTIPLE_CONFLICTS
P106,Dr. Vikram Menon,RMC/71770/2019,"MBBS, MD (Pediatrics)",Pediatrician,PBM Hospital,"646, Jail Road, Bikaner, Rajasthan - 334615",0151-73675622,+91-8208190658,dr.vikram.menon@pbm.com,Bikaner,Rajasthan,₹600-1000,Tue-Sun: 11 AM - 7 PM,"English, Hindi, Hindi",MOVED_ADDRESS
P107,Dr. Ravi Kumar,WBMC/94242/2012,"MBBS, MS (Obstetrics & Gynaecology)",Gynecologist,Park Street Clinic,"810, Alipore, Kolkata, West Bengal - 700732",033-59201088,+91-9933328667,dr.ravi.kumar@park.com,Kolkata,West Bengal,₹600-1000,Mon-Fri: 10 AM - 6 PM,"English, Hindi, Bengali",CORRECT_DATA
P108,Dr. Ajay Sharma,RMC/34795/2021,"MBBS, MD (Medicine)",General Physician,Bikaner Medical Center,"905, Sadul Ganj, Bikaner, Rajasthan - 334347",0151-20323220,+91-6520033276,dr.ajay.sharma@bikaner.com,Bikaner,Rajasthan,₹400-600,Mon-Sat: 9 AM - 5 PM,"English, Hindi, Hindi",OUTDATED_PHONE
P109,Dr. Ravi Kumar,MMC/57037/2017,"MBBS, MS (Obstetrics & Gynaecology)",Gynecologist,Model Hospital,"519, Viman Nagar, Pune, Maharashtra - 411777",020-67611964,+91-7480882917,dr.ravi.kumar@model.com,Pune,Maharashtra,₹600-1000,Mon-Fri: 10 AM - 6 PM,"English, Hindi, Marathi",CORRECT_DATA
P110,Dr. Anand Mehta,TSMC/67414/2010,"MBBS, MD (Medicine)",General Physician,Yashoda Hospital Secunderabad,"391, Banjara Hills, Hyderabad, Telangana - 500715",040-81363076,+91-8482681939,dr.anand.mehta@yashoda.com,Hyderabad,Telangana,₹300-500,"Mon-Sat: 8 AM - 2 PM, 5 PM - 8 PM","English, Hindi, Telugu",HOSPITAL_CHANGED
P111,Dr. Amit Desai,RMC/96992/2022,"MBBS, MD (Medicine)",General Physician,Eternal Heart Care,"893, Vaishali Nagar, Jaipur, Rajasthan - 302614",0141-68011722,+91-8585417090,dr.amit.desai@eternal.com,Jaipur,Rajasthan,₹300-500,Tue-Sun: 11 AM - 7 PM,"English, Hindi, Hindi",CORRECT_DATA
P112,Dr. Nitin Agarwal,MMC/38328/2021,"MBBS, MD (Medicine)",General Physician,Suburban Clinic,"983, Churchgate, Mumbai, Maharashtra - 400852",022-81943549,+91-7241924523,dr.nitin.agarwal@suburban.com,Mumbai,Maharashtra,₹300-500,Mon-Fri: 10 AM - 6 PM,"English, Hindi, Marathi",CORRECT_DATA
P113,Dr. Amit Rao,RMC/69120/2023,"MBBS, MS (Obstetrics & Gynaecology)",Gynecologist,Royal Hospital,"543, Gandhi Nagar, Bikaner, Rajasthan - 334208",0151-88298416,+91-7485910861,dr.amit.rao@royal.com,Bikaner,Rajasthan,₹600-1000,Mon-Sat: 9 AM - 5 PM,"English, Hindi, Hindi",CORRECT_DATA
P114,Dr. Pooja Sharma,MMC/33683/2016,"MBBS, MD (Medicine)",General Physician,Koregaon Park Clinic,"996, Hinjewadi, Pune, Maharashtra - 411313",020-88666928,+91-952632435,dr.pooja.sharma@koregaon.com,Pune,Maharashtra,₹400-600,"Mon-Fri: 9 AM - 1 PM, 4 PM - 8 PM","English, Hindi, Marathi",CORRECT_DATA
P115,Dr. Sneha Verma,TNMC/71554/2015,"MBBS, MD (Medicine)",General Physician,Apollo Hospital Greams Road,"911, Velachery, Chennai, Tamil Nadu - 600577",044-54838570,+91-8947193479,dr.sneha.verma@apollo.com,Chennai,Tamil Nadu,₹300-500,Tue-Sun: 11 AM - 7 PM,"English, Hindi, Tamil",CORRECT_DATA
P116,Dr. Rajesh Verma,TSMC/95311/2018,"MBBS, MD (Medicine)",General Physician,Sunrise Clinic,"6, KPHB, Hyderabad, Telangana - 500769",040-60067752,+91-731763157,dr.rajesh.verma@sunrise.com,Hyderabad,Telangana,₹300-500,"Mon-Sat: 8 AM - 2 PM, 5 PM - 8 PM","English, Hindi, Telugu",CORRECT_DATA
P117,Dr. Anjali Gupta,MMC/47539/2015,"MBBS, MD, DM (Cardiology)",Cardiologist,Model Hospital,"86, Viman Nagar, Pune, Maharashtra - 411291",020-24859701,+91-6751110088,dr.anjali.gupta@model.com,Pune,Maharashtra,₹1200-2000,Mon-Fri: 10 AM - 6 PM,"English, Hindi, Marathi",OUTDATED_PHONE
P118,Dr. Preeti Desai,DMC/79797/2016,"MBBS, MD, DM (Neurology)",Neurologist,BLK Hospital,"83, Connaught Place, Delhi, Delhi - 110735",011-83188683,+91-8108969105,dr.preeti.desai@blk.com,Delhi,Delhi,₹600-1000,Mon-Sat: 9 AM - 5 PM,"English, Hindi",CORRECT_DATA
P119,Dr. Divya Sharma,RMC/98819/2015,"MBBS, MD, DM (Cardiology)",Cardiologist,Malviya Nagar Clinic,"627, C Scheme, Jaipur, Rajasthan - 302802",0141-50033241,+91-7668376802,dr.divya.sharma@malviya.com,Jaipur,Rajasthan,₹1200-2000,"Mon-Fri: 9 AM - 1 PM, 4 PM - 8 PM","English, Hindi, Hindi",MOVED_ADDRESS
P120,Dr. Arun Sharma,DMC/90734/2018,"MBBS, MD (Medicine)",General Physician,BLK Hospital,"838, Connaught Place, Delhi, Delhi - 110585",011-42258719,+91-8198696713,dr.arun.sharma@blk.com,Delhi,Delhi,₹300-500,Mon-Fri: 10 AM - 6 PM,"English, Hindi",MOVED_ADDRESS
P121,Dr. Meera Reddy,WBMC/58618/2016,"MBBS, MD (Medicine)",General Physician,Peerless Hospital,"43, Behala, Kolkata, West Bengal - 700514",033-48762449,+91-9750303744,dr.meera.reddy@peerless.com,Kolkata,West Bengal,₹300-500,Mon-Sat: 9 AM - 5 PM,"English, Hindi, Bengali",MOVED_ADDRESS
P122,Dr. Praveen Agarwal,MMC/27227/2023,"MBBS, MS (Ophthalmology)",Ophthalmologist,Suburban Clinic,"839, Churchgate, Mumbai, Maharashtra - 400222",022-79507089,+91-768067574,dr.praveen.agarwal@suburban.com,Mumbai,Maharashtra,₹600-1000,"Mon-Fri: 9 AM - 1 PM, 4 PM - 8 PM","English, Hindi, Marathi",CORRECT_DATA
P123,Dr. Anand Kumar,DMC/79969/2010,"MBBS, MD (Medicine)",General Physician,Capital Clinic,"228, Dwarka, Delhi, Delhi - 110828",011-25230265,+91-6776122585,dr.anand.kumar@capital.com,Delhi,Delhi,₹400-600,"Mon-Sat: 8 AM - 2 PM, 5 PM - 8 PM","English, Hindi",OUTDATED_PHONE
P124,Dr. Sunita Sharma,TNMC/27886/2009,"MBBS, MD (Pediatrics)",Pediatrician,MIOT International,"102, Nungambakkam, Chennai, Tamil Nadu - 600677",044-42669602,+91-8336298948,dr.sunita.sharma@miot.com,Chennai,Tamil Nadu,₹600-1000,Tue-Sun: 11 AM - 7 PM,"English, Hindi, Tamil",CORRECT_DATA
P125,Dr. Divya Rao,WBMC/23999/2011,"MBBS, MD (Medicine)",General Physician,Fortis Hospital Anandapur,"401, Howrah, Kolkata, West Bengal - 700287",033-69484562,+91-7135399120,dr.divya.rao@fortis.com,Kolkata,West Bengal,₹300-500,Mon-Sat: 9 AM - 5 PM,"English, Hindi, Bengali",CORRECT_DATA
P126,Dr. Ashok Sharma,RMC/85739/2023,"MBBS, MD (Medicine)",General Physician,Narayana Multispeciality Hospital,"497, C Scheme, Jaipur, Rajasthan - 302881",0141-97129393,+91-77051757,dr.ashok.sharma@narayana.com,Jaipur,Rajasthan,₹400-600,Mon-Sat: 9 AM - 5 PM,"English, Hindi, Hindi",CORRECT_DATA
P127,Dr. Pooja Mehta,TNMC/30527/2021,"MBBS, MD (Pediatrics)",Pediatrician,Apollo Hospital Greams Road,"208, Anna Nagar, Chennai, Tamil Nadu - 600360",044-73480197,+91-8623518271,dr.pooja.mehta@apollo.com,Chennai,Tamil Nadu,₹600-1000,"Mon-Sat: 8 AM - 2 PM, 5 PM - 8 PM","English, Hindi, Tamil",CORRECT_DATA
P128,Dr. Priya Iyer,RMC/35482/2013,"MBBS, MD (Pediatrics)",Pediatrician,Bikaner Medical Center,"726, Karni Nagar, Bikaner, Rajasthan - 334377",0151-49392576,+91-8960847437,dr.priya.iyer@bikaner.com,Bikaner,Rajasthan,₹500-800,Mon-Fri: 10 AM - 6 PM,"English, Hindi, Hindi",MOVED_ADDRESS
P129,Dr. Pooja Desai,GMC/97201/2019,"MBBS, MD (Dermatology)",Dermatologist,HCG Cancer Centre,"613, Maninagar, Ahmedabad, Gujarat - 380343",079-98491599,+91-7810728598,dr.pooja.desai@hcg.com,Ahmedabad,Gujarat,₹500-800,Mon-Sat: 9 AM - 5 PM,"English, Hindi, Gujarati",CORRECT_DATA
P130,Dr. Sunita Menon,RMC/66959/2016,"MBBS, MS (Orthopedics)",Orthopedic Surgeon,City Care Bikaner,"74, Karni Nagar, Bikaner, Rajasthan - 334952",0151-37152105,+91-6778887589,dr.sunita.menon@city.com,Bikaner,Rajasthan,₹800-1200,Tue-Sun: 11 AM - 7 PM,"English, Hindi, Hindi",OUTDATED_PHONE
P131,Dr. Nitin Singh,UPMC/56833/2016,"MBBS, MD (Dermatology)",Dermatologist,Apollo Medics Hospital,"2, Indira Nagar, Lucknow, Uttar Pradesh - 226974",0522-82714983,+91-8727728098,dr.nitin.singh@apollo.com,Lucknow,Uttar Pradesh,₹600-1000,Tue-Sun: 11 AM - 7 PM,"English, Hindi, Hindi",CORRECT_DATA
P132,Dr. Nisha Reddy,MMC/75647/2012,"MBBS, MS (Orthopedics)",Orthopedic Surgeon,Breach Candy Hospital,"732, Andheri West, Mumbai, Maharashtra - 400486",022-97616515,+91-853478171,dr.nisha.reddy@breach.com,Mumbai,Maharashtra,₹1000-1500,Tue-Sun: 11 AM - 7 PM,"English, Hindi, Marathi",CORRECT_DATA
P133,Dr. Pooja Kumar,KMC/15666/2013,"MBBS, MS (Obstetrics & Gynaecology)",Gynecologist,Wellness Hospital,"99, HSR Layout, Bangalore, Karnataka - 560610",080-47114773,+91-7964173512,dr.pooja.kumar@wellness.com,Bangalore,Karnataka,₹600-1000,Mon-Fri: 10 AM - 6 PM,"English, Hindi, Kannada",CORRECT_DATA
P134,Dr. Vikram Gupta,MMC/34937/2021,"MBBS, MD (Dermatology)",Dermatologist,Hinduja Hospital Khar,"203, Andheri West, Mumbai, Maharashtra - 400696",022-80487369,+91-9457851021,dr.vikram.gupta@hinduja.com,Mumbai,Maharashtra,₹500-800,Mon-Sat: 9 AM - 5 PM,"English, Hindi, Marathi",CORRECT_DATA
P135,Dr. Meera Rao,MMC/78307/2017,"MBBS, DLO",ENT Specialist,Columbia Asia Kharadi,"676, Koregaon Park, Pune, Maharashtra - 411182",020-53791093,+91-8100126572,dr.meera.rao@columbia.com,Pune,Maharashtra,₹500-800,"Mon-Sat: 8 AM - 2 PM, 5 PM - 8 PM","English, Hindi, Marathi",CORRECT_DATA
P136,Dr. Divya Joshi,MMC/29631/2022,"MBBS, DLO",ENT Specialist,Deenanath Mangeshkar Hospital,"856, Viman Nagar, Pune, Maharashtra - 411240",020-67004728,+91-9450751836,dr.divya.joshi@deenanath.com,Pune,Maharashtra,₹500-800,"Mon-Sat: 8 AM - 2 PM, 5 PM - 8 PM","English, Hindi, Marathi",CORRECT_DATA
P137,Dr. Arun Pillai,UPMC/41510/2023,"MBBS, MD, DM (Neurology)",Neurologist,Apollo Medics Hospital,"33, Hazratganj, Lucknow, Uttar Pradesh - 226396",0522-72283763,+91-7144051634,dr.arun.pillai@apollo.com,Lucknow,Uttar Pradesh,₹500-800,"Mon-Sat: 8 AM - 2 PM, 5 PM - 8 PM","English, Hindi, Hindi",CORRECT_DATA
P138,Dr. Kavita Verma,MMC/46709/2009,"MBBS, MS (Ophthalmology)",Ophthalmologist,Marine Drive Hospital,"455, Churchgate, Mumbai, Maharashtra - 400604",022-93767164,+91-7456819460,dr.kavita.verma@marine.com,Mumbai,Maharashtra,₹500-800,Mon-Fri: 10 AM - 6 PM,"English, Hindi, Marathi",CORRECT_DATA
P139,Dr. Priya Patel,GMC/47896/2014,"MBBS, MD (Pediatrics)",Pediatrician,Shalby Hospital SG Highway,"922, Bodakdev, Ahmedabad, Gujarat - 380527",079-23852267,+91-6716924668,dr.priya.patel@shalby.com,Ahmedabad,Gujarat,₹500-800,Tue-Sun: 11 AM - 7 PM,"English, Hindi, Gujarati",OUTDATED_PHONE
P140,Dr. Karthik Verma,RMC/79053/2023,"MBBS, MS (Obstetrics & Gynaecology)",Gynecologist,PBM Hospital,"889, Jail Road, Bikaner, Rajasthan - 334604",0151-38750719,+91-6817571813,dr.karthik.verma@pbm.com,Bikaner,Rajasthan,₹500-800,"Mon-Sat: 8 AM - 2 PM, 5 PM - 8 PM","English, Hindi, Hindi",OUTDATED_PHONE
P141,Dr. Meera Iyer,RMC/17628/2010,"MBBS, MD, DM (Neurology)",Neurologist,PBM Hospital,"853, Ganga Shahar, Bikaner, Rajasthan - 334734",0151-70641479,+91-836854168,dr.meera.iyer@pbm.com,Bikaner,Rajasthan,₹600-1000,Tue-Sun: 11 AM - 7 PM,"English, Hindi, Hindi",HOSPITAL_CHANGED
P142,Dr. Praveen Singh,RMC/79063/2010,"MBBS, MD (Medicine)",General Physician,PBM Hospital,"861, Station Road, Bikaner, Rajasthan - 334401",0151-54216821,+91-8534367628,dr.praveen.singh@pbm.com,Bikaner,Rajasthan,₹400-600,"Mon-Sat: 8 AM - 2 PM, 5 PM - 8 PM","English, Hindi, Hindi",CORRECT_DATA
P143,Dr. Neha Pillai,RMC/81751/2011,"MBBS, MD (Medicine)",General Physician,SMS Hospital,"438, Mansarovar, Jaipur, Rajasthan - 302776",0141-28384117,+91-6401520462,dr.neha.pillai@sms.com,Jaipur,Rajasthan,₹400-600,Tue-Sun: 11 AM - 7 PM,"English, Hindi, Hindi",OUTDATED_PHONE
P144,Dr. Manoj Mehta,RMC/59714/2012,"MBBS, MS (Obstetrics & Gynaecology)",Gynecologist,Bikaner Medical Center,"89, Station Road, Bikaner, Rajasthan - 334885",0151-32765723,+91-6265778677,dr.manoj.mehta@bikaner.com,Bikaner,Rajasthan,₹500-800,Mon-Sat: 9 AM - 5 PM,"English, Hindi, Hindi",OUTDATED_PHONE
P145,Dr. Sneha Singh,WBMC/40609/2018,"MBBS, MS (Obstetrics & Gynaecology)",Gynecologist,Peerless Hospital,"579, Howrah, Kolkata, West Bengal - 700613",033-68844910,+91-9983754799,dr.sneha.singh@peerless.com,Kolkata,West Bengal,₹600-1000,"Mon-Fri: 9 AM - 1 PM, 4 PM - 8 PM","English, Hindi, Bengali",CORRECT_DATA
P146,Dr. Vikram Menon,TSMC/57734/2023,"MBBS, MS (Orthopedics)",Orthopedic Surgeon,Yashoda Hospital Secunderabad,"307, Gachibowli, Hyderabad, Telangana - 500447",040-98033929,+91-8312618562,dr.vikram.menon@yashoda.com,Hyderabad,Telangana,₹1000-1500,Mon-Fri: 10 AM - 6 PM,"English, Hindi, Telugu",CORRECT_DATA
P147,Dr. Preeti Gupta,GMC/70472/2014,"MBBS, MS (Obstetrics & Gynaecology)",Gynecologist,Shalby Hospital SG Highway,"525, Satellite, Ahmedabad, Gujarat - 380202",079-33841012,+91-6189041843,dr.preeti.gupta@shalby.com,Ahmedabad,Gujarat,₹600-1000,Mon-Fri: 10 AM - 6 PM,"English, Hindi, Gujarati",OUTDATED_PHONE
P148,Dr. Praveen Iyer,UPMC/40665/2021,"MBBS, MD (Medicine)",General Physician,Medanta Hospital Lucknow,"706, Gomti Nagar, Lucknow, Uttar Pradesh - 226507",0522-80636678,+91-7729809659,dr.praveen.iyer@medanta.com,Lucknow,Uttar Pradesh,₹300-500,"Mon-Fri: 9 AM - 1 PM, 4 PM - 8 PM","English, Hindi, Hindi",CORRECT_DATA
P149,Dr. Kavita Joshi,MMC/75243/2010,"MBBS, MS (Obstetrics & Gynaecology)",Gynecologist,Model Hospital,"161, Viman Nagar, Pune, Maharashtra - 411633",020-68923032,+91-7159777915,dr.kavita.joshi@model.com,Pune,Maharashtra,₹600-1000,Tue-Sun: 11 AM - 7 PM,"English, Hindi, Marathi",HOSPITAL_CHANGED
P150,Dr. Anjali Singh,WBMC/88798/2020,"MBBS, MD, DM (Cardiology)",Cardiologist,Apollo Gleneagles,"773, Howrah, Kolkata, West Bengal - 700483",033-29838717,+91-6866562392,dr.anjali.singh@apollo.com,Kolkata,West Bengal,₹1200-2000,Mon-Sat: 9 AM - 5 PM,"English, Hindi, Bengali",OUTDATED_PHONE
P151,Dr. Pooja Mehta,DMC/44453/2022,"MBBS, MD (Dermatology)",Dermatologist,BLK Hospital,"41, Lajpat Nagar, Delhi, Delhi - 110480",011-50686913,+91-9794190983,dr.pooja.mehta@blk.com,Delhi,Delhi,₹600-1000,"Mon-Sat: 8 AM - 2 PM, 5 PM - 8 PM","English, Hindi",CORRECT_DATA
P152,Dr. Meera Patel,KMC/35559/2008,"MBBS, MD (Medicine)",General Physician,City Care Clinic,"865, HSR Layout, Bangalore, Karnataka - 560588",080-66517866,+91-8219061930,dr.meera.patel@city.com,Bangalore,Karnataka,₹400-600,"Mon-Sat: 8 AM - 2 PM, 5 PM - 8 PM","English, Hindi, Kannada",CORRECT_DATA
P153,Dr. Ajay Mehta,RMC/57846/2023,"MBBS, MD (Dermatology)",Dermatologist,Gandhi Nagar Clinic,"318, Sadul Ganj, Bikaner, Rajasthan - 334312",0151-74381976,+91-7145548626,dr.ajay.mehta@gandhi.com,Bikaner,Rajasthan,₹500-800,Tue-Sun: 11 AM - 7 PM,"English, Hindi, Hindi",HOSPITAL_CHANGED
P154,Dr. Neha Pillai,UPMC/29142/2013,"BDS, MDS",Dentist,Hazratganj Medical,"920, Hazratganj, Lucknow, Uttar Pradesh - 226869",0522-43702234,+91-7118062723,dr.neha.pillai@hazratganj.com,Lucknow,Uttar Pradesh,₹500-800,"Mon-Fri: 9 AM - 1 PM, 4 PM - 8 PM","English, Hindi, Hindi",CORRECT_DATA
P155,Dr. Kavita Rao,KMC/52502/2021,"MBBS, MD (Pediatrics)",Pediatrician,Apollo Hospital Bangalore,"967, BTM Layout, Bangalore, Karnataka - 560978",080-79538809,+91-8101528960,dr.kavita.rao@apollo.com,Bangalore,Karnataka,₹500-800,"Mon-Fri: 9 AM - 1 PM, 4 PM - 8 PM","English, Hindi, Kannada",HOSPITAL_CHANGED
P156,Dr. Ajay Desai,DMC/59325/2011,"MBBS, MS (Orthopedics)",Orthopedic Surgeon,Max Super Speciality Saket,"593, Dwarka, Delhi, Delhi - 110570",011-47384825,+91-8678934536,dr.ajay.desai@max.com,Delhi,Delhi,₹1000-1500,Mon-Sat: 9 AM - 5 PM,"English, Hindi",CORRECT_DATA
P157,Dr. Sunita Verma,RMC/26724/2017,"MBBS, MD (Medicine)",General Physician,SMS Hospital,"486, Tonk Road, Jaipur, Rajasthan - 302547",0141-52502080,+91-7703296940,dr.sunita.verma@sms.com,Jaipur,Rajasthan,₹400-600,Tue-Sun: 11 AM - 7 PM,"English, Hindi, Hindi",CORRECT_DATA
P158,Dr. Sanjay Joshi,WBMC/29439/2010,"MBBS, MD (Dermatology)",Dermatologist,Park Street Clinic,"65, Behala, Kolkata, West Bengal - 700353",033-39905747,+91-6817893951,dr.sanjay.joshi@park.com,Kolkata,West Bengal,₹600-1000,Mon-Fri: 10 AM - 6 PM,"English, Hindi, Bengali",OUTDATED_PHONE
P159,Dr. Nisha Nair,RMC/17305/2008,"MBBS, MD (Medicine)",General Physician,CK Birla Hospital RBH,"651, Tonk Road, Jaipur, Rajasthan - 302727",0141-92648643,+91-7353475469,dr.nisha.nair@ck.com,Jaipur,Rajasthan,₹400-600,"Mon-Fri: 9 AM - 1 PM, 4 PM - 8 PM","English, Hindi, Hindi",CORRECT_DATA
P160,Dr. Divya Nair,DMC/21391/2008,"MBBS, MD (Medicine)",General Physician,BLK Hospital,"114, Rohini, Delhi, Delhi - 110957",011-75768172,+91-94435735,dr.divya.nair@blk.com,Delhi,Delhi,₹300-500,Tue-Sun: 11 AM - 7 PM,"English, Hindi",CORRECT_DATA
P161,Dr. Priya Menon,DMC/50805/2010,"MBBS, DLO",ENT Specialist,AIIMS Delhi,"545, Connaught Place, Delhi, Delhi - 110324",011-91827958,+91-9170800844,dr.priya.menon@aiims.com,Delhi,Delhi,₹600-1000,Mon-Sat: 9 AM - 5 PM,"English, Hindi",CORRECT_DATA
P162,Dr. Lakshmi Iyer,RMC/34656/2017,"BDS, MDS",Dentist,CK Birla Hospital RBH,"586, Raja Park, Jaipur, Rajasthan - 302933",0141-95141100,+91-715395568,dr.lakshmi.iyer@ck.com,Jaipur,Rajasthan,₹500-800,Mon-Sat: 9 AM - 5 PM,"English, Hindi, Hindi",CORRECT_DATA
P163,Dr. Rahul Sharma,UPMC/22449/2010,"MBBS, MD, DM (Neurology)",Neurologist,Apollo Medics Hospital,"392, Alambagh, Lucknow, Uttar Pradesh - 226103",0522-27114164,+91-6150598637,dr.rahul.sharma@apollo.com,Lucknow,Uttar Pradesh,₹600-1000,Mon-Fri: 10 AM - 6 PM,"English, Hindi, Hindi",OUTDATED_PHONE
P164,Dr. Deepak Verma,RMC/34736/2021,"BDS, MDS",Dentist,Sadul Hospital,"521, Ganga Shahar, Bikaner, Rajasthan - 334143",0151-73540258,+91-9335338271,dr.deepak.verma@sadul.com,Bikaner,Rajasthan,₹600-1000,Mon-Fri: 10 AM - 6 PM,"English, Hindi, Hindi",CORRECT_DATA
P165,Dr. Suresh Sharma,RMC/96878/2010,"MBBS, MD (Medicine)",General Physician,Eternal Heart Care,"107, Vaishali Nagar, Jaipur, Rajasthan - 302873",0141-71496447,+91-779397156,dr.suresh.sharma@eternal.com,Jaipur,Rajasthan,₹300-500,"Mon-Fri: 9 AM - 1 PM, 4 PM - 8 PM","English, Hindi, Hindi",CORRECT_DATA
P166,Dr. Ritu Patel,TSMC/39843/2012,"MBBS, MS (Orthopedics)",Orthopedic Surgeon,Sunrise Clinic,"655, Banjara Hills, Hyderabad, Telangana - 500652",040-57432362,+91-8460174136,dr.ritu.patel@sunrise.com,Hyderabad,Telangana,₹1000-1500,Mon-Fri: 10 AM - 6 PM,"English, Hindi, Telugu",CORRECT_DATA
P167,Dr. Nisha Joshi,RMC/81424/2016,"MBBS, MD (Pediatrics)",Pediatrician,CK Birla Hospital RBH,"583, Malviya Nagar, Jaipur, Rajasthan - 302523",0141-50261164,+91-8937429749,dr.nisha.joshi@ck.com,Jaipur,Rajasthan,₹500-800,"Mon-Fri: 9 AM - 1 PM, 4 PM - 8 PM","English, Hindi, Hindi",CORRECT_DATA
P168,Dr. Ritu Iyer,TNMC/47954/2017,"MBBS, MD (Medicine)",General Physician,Kauvery Hospital Alwarpet,"978, T Nagar, Chennai, Tamil Nadu - 600930",044-53734200,+91-7287050386,dr.ritu.iyer@kauvery.com,Chennai,Tamil Nadu,₹300-500,Mon-Sat: 9 AM - 5 PM,"English, Hindi, Tamil",CORRECT_DATA
P169,Dr. Arun Verma,UPMC/79025/2019,"MBBS, MD (Pediatrics)",Pediatrician,King George Medical University,"643, Indira Nagar, Lucknow, Uttar Pradesh - 226666",0522-95073333,+91-95860502,dr.arun.verma@king.com,Lucknow,Uttar Pradesh,₹600-1000,Tue-Sun: 11 AM - 7 PM,"English, Hindi, Hindi",CORRECT_DATA
P170,Dr. Preeti Pillai,DMC/92330/2022,"MBBS, MD, DM (Cardiology)",Cardiologist,Apollo Hospital Sarita Vihar,"358, Connaught Place, Delhi, Delhi - 110351",011-43394746,+91-76551022,dr.preeti.pillai@apollo.com,Delhi,Delhi,₹1200-2000,"Mon-Sat: 8 AM - 2 PM, 5 PM - 8 PM","English, Hindi",CORRECT_DATA
P171,Dr. Suresh Rao,RMC/42088/2020,"MBBS, MS (Orthopedics)",Orthopedic Surgeon,SMS Hospital,"385, Vaishali Nagar, Jaipur, Rajasthan - 302189",0141-59514885,+91-8293499203,dr.suresh.rao@sms.com,Jaipur,Rajasthan,₹800-1200,Mon-Sat: 9 AM - 5 PM,"English, Hindi, Hindi",HOSPITAL_CHANGED
P172,Dr. Deepak Kumar,RMC/58134/2012,"MBBS, MD (Dermatology)",Dermatologist,Eternal Heart Care,"993, C Scheme, Jaipur, Rajasthan - 302993",0141-64147210,+91-7503423442,dr.deepak.kumar@eternal.com,Jaipur,Rajasthan,₹600-1000,Mon-Sat: 9 AM - 5 PM,"English, Hindi, Hindi",CORRECT_DATA
P173,Dr. Ritu Rao,RMC/22580/2020,"MBBS, MS (Obstetrics & Gynaecology)",Gynecologist,Malviya Nagar Clinic,"156, Mansarovar, Jaipur, Rajasthan - 302899",0141-47439670,+91-9956394172,dr.ritu.rao@malviya.com,Jaipur,Rajasthan,₹600-1000,"Mon-Fri: 9 AM - 1 PM, 4 PM - 8 PM","English, Hindi, Hindi",CORRECT_DATA
P174,Dr. Manoj Joshi,KMC/53502/2013,"MBBS, MD (Medicine)",General Physician,Columbia Asia Hebbal,"459, HSR Layout, Bangalore, Karnataka - 560249",080-92245065,+91-7239884656,dr.manoj.joshi@columbia.com,Bangalore,Karnataka,₹300-500,"Mon-Fri: 9 AM - 1 PM, 4 PM - 8 PM","English, Hindi, Kannada",CORRECT_DATA
P175,Dr. Sneha Desai,MMC/38812/2019,"MBBS, MS (Obstetrics & Gynaecology)",Gynecologist,Suburban Clinic,"113, Thane, Mumbai, Maharashtra - 400389",022-43274735,+91-7609901369,dr.sneha.desai@suburban.com,Mumbai,Maharashtra,₹600-1000,Mon-Sat: 9 AM - 5 PM,"English, Hindi, Marathi",CORRECT_DATA
P176,Dr. Lakshmi Kulkarni,RMC/36049/2014,"MBBS, MS (Ophthalmology)",Ophthalmologist,Pink City Hospital,"936, Mansarovar, Jaipur, Rajasthan - 302347",0141-77870642,+91-7683031192,dr.lakshmi.kulkarni@pink.com,Jaipur,Rajasthan,₹500-800,Mon-Fri: 10 AM - 6 PM,"English, Hindi, Hindi",CORRECT_DATA
P177,Dr. Ritu Mehta,UPMC/47853/2023,"MBBS, MD (Medicine)",General Physician,SGPGIMS,"977, Gomti Nagar, Lucknow, Uttar Pradesh - 226896",0522-83910703,+91-841707839,dr.ritu.mehta@sgpgims.com,Lucknow,Uttar Pradesh,₹300-500,Mon-Fri: 10 AM - 6 PM,"English, Hindi, Hindi",CORRECT_DATA
P178,Dr. Anand Mehta,RMC/41361/2017,"MBBS, MD (Pediatrics)",Pediatrician,Royal Hospital,"745, Station Road, Bikaner, Rajasthan - 334228",0151-49311261,+91-7771382,dr.anand.mehta@royal.com,Bikaner,Rajasthan,₹600-1000,Tue-Sun: 11 AM - 7 PM,"English, Hindi, Hindi",CORRECT_DATA
P179,Dr. Ashok Singh,TNMC/62045/2009,"MBBS, MD (Medicine)",General Physician,Fortis Malar Hospital,"612, Adyar, Chennai, Tamil Nadu - 600323",044-37342932,+91-6567991742,dr.ashok.singh@fortis.com,Chennai,Tamil Nadu,₹300-500,Tue-Sun: 11 AM - 7 PM,"English, Hindi, Tamil",MULTIPLE_CONFLICTS
P180,Dr. Ritu Agarwal,DMC/92228/2022,"MBBS, MD (Medicine)",General Physician,Metro Hospital,"613, Lajpat Nagar, Delhi, Delhi - 110173",011-45418431,+91-9808374168,dr.ritu.agarwal@metro.com,Delhi,Delhi,₹400-600,Mon-Fri: 10 AM - 6 PM,"English, Hindi",CORRECT_DATA
P181,Dr. Anand Joshi,TSMC/42759/2022,"MBBS, MD (Medicine)",General Physician,Apollo Hospital Jubilee Hills,"164, Gachibowli, Hyderabad, Telangana - 500336",040-43315472,+91-742991515,dr.anand.joshi@apollo.com,Hyderabad,Telangana,₹300-500,"Mon-Sat: 8 AM - 2 PM, 5 PM - 8 PM","English, Hindi, Telugu",CORRECT_DATA
P182,Dr. Ritu Patel,WBMC/87002/2023,"MBBS, MD (Pediatrics)",Pediatrician,Apollo Gleneagles,"867, New Town, Kolkata, West Bengal - 700664",033-68709862,+91-7924557957,dr.ritu.patel@apollo.com,Kolkata,West Bengal,₹600-1000,Mon-Sat: 9 AM - 5 PM,"English, Hindi, Bengali",CORRECT_DATA
P183,Dr. Ritu Desai,WBMC/32937/2023,"MBBS, MD (Medicine)",General Physician,Alipore Medical Center,"705, Behala, Kolkata, West Bengal - 700127",033-55176739,+91-8182078278,dr.ritu.desai@alipore.com,Kolkata,West Bengal,₹300-500,"Mon-Sat: 8 AM - 2 PM, 5 PM - 8 PM","English, Hindi, Bengali",CORRECT_DATA
P184,Dr. Sanjay Sharma,KMC/51552/2008,"MBBS, MD, DM (Cardiology)",Cardiologist,Wellness Hospital,"652, Koramangala, Bangalore, Karnataka - 560305",080-92607716,+91-7137778721,dr.sanjay.sharma@wellness.com,Bangalore,Karnataka,₹1200-2000,Tue-Sun: 11 AM - 7 PM,"English, Hindi, Kannada",CORRECT_DATA
P185,Dr. Ashok Iyer,UPMC/45926/2022,"MBBS, MD, DM (Neurology)",Neurologist,SGPGIMS,"786, Gomti Nagar, Lucknow, Uttar Pradesh - 226278",0522-29187674,+91-6796095843,dr.ashok.iyer@sgpgims.com,Lucknow,Uttar Pradesh,₹500-800,"Mon-Sat: 8 AM - 2 PM, 5 PM - 8 PM","English, Hindi, Hindi",OUTDATED_PHONE
P186,Dr. Meera Sharma,KMC/11297/2014,"MBBS, MD (Medicine)",General Physician,City Care Clinic,"290, BTM Layout, Bangalore, Karnataka - 560479",080-36016378,+91-641050958,dr.meera.sharma@city.com,Bangalore,Karnataka,₹300-500,Mon-Fri: 10 AM - 6 PM,"English, Hindi, Kannada",OUTDATED_PHONE
P187,Dr. Ajay Rao,UPMC/32587/2017,"MBBS, MD (Medicine)",General Physician,Medanta Hospital Lucknow,"628, Indira Nagar, Lucknow, Uttar Pradesh - 226347",0522-26249671,+91-630429017,dr.ajay.rao@medanta.com,Lucknow,Uttar Pradesh,₹400-600,"Mon-Sat: 8 AM - 2 PM, 5 PM - 8 PM","English, Hindi, Hindi",MULTIPLE_CONFLICTS
P188,Dr. Lakshmi Kulkarni,GMC/63460/2012,"MBBS, MD (Medicine)",General Physician,West Zone Hospital,"230, Navrangpura, Ahmedabad, Gujarat - 380121",079-57110669,+91-9737743125,dr.lakshmi.kulkarni@west.com,Ahmedabad,Gujarat,₹400-600,Tue-Sun: 11 AM - 7 PM,"English, Hindi, Gujarati",CORRECT_DATA
P189,Dr. Ashok Gupta,MMC/48097/2013,"MBBS, MD (Medicine)",General Physician,Aditya Birla Hospital,"417, Koregaon Park, Pune, Maharashtra - 411814",020-46989543,+91-9396288911,dr.ashok.gupta@aditya.com,Pune,Maharashtra,₹300-500,Mon-Sat: 9 AM - 5 PM,"English, Hindi, Marathi",CORRECT_DATA
P190,Dr. Arun Kulkarni,WBMC/45103/2023,"MBBS, DLO",ENT Specialist,Alipore Medical Center,"747, Salt Lake, Kolkata, West Bengal - 700178",033-26645331,+91-6272787449,dr.arun.kulkarni@alipore.com,Kolkata,West Bengal,₹500-800,Mon-Sat: 9 AM - 5 PM,"English, Hindi, Bengali",MULTIPLE_CONFLICTS
P191,Dr. Ramesh Desai,RMC/64270/2012,"MBBS, MD (Dermatology)",Dermatologist,PBM Hospital,"776, Sadul Ganj, Bikaner, Rajasthan - 334945",0151-35394427,+91-6553277838,dr.ramesh.desai@pbm.com,Bikaner,Rajasthan,₹600-1000,Tue-Sun: 11 AM - 7 PM,"English, Hindi, Hindi",MULTIPLE_CONFLICTS
P192,Dr. Lakshmi Mehta,RMC/14707/2022,"MBBS, MD (Pediatrics)",Pediatrician,PBM Hospital,"347, Gandhi Nagar, Bikaner, Rajasthan - 334843",0151-76694901,+91-9817314347,dr.lakshmi.mehta@pbm.com,Bikaner,Rajasthan,₹600-1000,Mon-Sat: 9 AM - 5 PM,"English, Hindi, Hindi",CORRECT_DATA
P193,Dr. Meera Menon,WBMC/71857/2019,"MBBS, MD (Pediatrics)",Pediatrician,Medica Superspecialty,"880, New Town, Kolkata, West Bengal - 700482",033-73845154,+91-7385532386,dr.meera.menon@medica.com,Kolkata,West Bengal,₹500-800,Mon-Fri: 10 AM - 6 PM,"English, Hindi, Bengali",CORRECT_DATA
P194,Dr. Rajesh Nair,MMC/81608/2023,"MBBS, MD (Pediatrics)",Pediatrician,Aditya Birla Hospital,"735, Koregaon Park, Pune, Maharashtra - 411161",020-62276575,+91-7706416593,dr.rajesh.nair@aditya.com,Pune,Maharashtra,₹500-800,Tue-Sun: 11 AM - 7 PM,"English, Hindi, Marathi",CORRECT_DATA
P195,Dr. Nitin Menon,WBMC/85324/2019,"MBBS, MD (Medicine)",General Physician,Apollo Gleneagles,"616, New Town, Kolkata, West Bengal - 700540",033-95392364,+91-9848243207,dr.nitin.menon@apollo.com,Kolkata,West Bengal,₹300-500,"Mon-Sat: 8 AM - 2 PM, 5 PM - 8 PM","English, Hindi, Bengali",CORRECT_DATA
P196,Dr. Kavita Patel,KMC/30657/2011,"MBBS, MS (Ophthalmology)",Ophthalmologist,City Care Clinic,"936, BTM Layout, Bangalore, Karnataka - 560962",080-34928625,+91-6896655635,dr.kavita.patel@city.com,Bangalore,Karnataka,₹600-1000,Mon-Sat: 9 AM - 5 PM,"English, Hindi, Kannada",MULTIPLE_CONFLICTS
P197,Dr. Kavita Rao,WBMC/58882/2023,"MBBS, MD, DM (Neurology)",Neurologist,Park Street Clinic,"839, Alipore, Kolkata, West Bengal - 700661",033-78394413,+91-7571031939,dr.kavita.rao@park.com,Kolkata,West Bengal,₹500-800,"Mon-Fri: 9 AM - 1 PM, 4 PM - 8 PM","English, Hindi, Bengali",CORRECT_DATA
P198,Dr. Vikram Desai,RMC/30426/2018,"MBBS, MD (Medicine)",General Physician,Fortis Escorts Hospital,"270, Mansarovar, Jaipur, Rajasthan - 302940",0141-38287950,+91-6886843956,dr.vikram.desai@fortis.com,Jaipur,Rajasthan,₹400-600,Tue-Sun: 11 AM - 7 PM,"English, Hindi, Hindi",MULTIPLE_CONFLICTS
P199,Dr. Karthik Sharma,UPMC/13562/2018,"MBBS, MD (Pediatrics)",Pediatrician,SGPGIMS,"86, Gomti Nagar, Lucknow, Uttar Pradesh - 226628",0522-75802815,+91-7909150257,dr.karthik.sharma@sgpgims.com,Lucknow,Uttar Pradesh,₹500-800,"Mon-Fri: 9 AM - 1 PM, 4 PM - 8 PM","English, Hindi, Hindi",CORRECT_DATA
P200,Dr. Vikram Kulkarni,RMC/88972/2012,"MBBS, MS (Orthopedics)",Orthopedic Surgeon,Bikaner Medical Center,"755, Ganga Shahar, Bikaner, Rajasthan - 334332",0151-54163238,+91-8372462149,dr.vikram.kulkarni@bikaner.com,Bikaner,Rajasthan,₹1000-1500,Mon-Sat: 9 AM - 5 PM,"English, Hindi, Hindi",CORRECT_DATA
